{"version":1,"notes":"","documentation":"\"This file is a QMK Configurator export. You can import this at <https://config.qmk.fm>. It can also be used directly with QMK's source code.\n\nTo setup your QMK environment check out the tutorial: <https://docs.qmk.fm/#/newbs>\n\nYou can convert this file to a keymap.c using this command: `qmk json2c {keymap}`\n\nYou can compile this keymap using this command: `qmk compile {keymap}`\"\n","keyboard":"preonic/rev3","keymap":"starship_layout","layout":"LAYOUT_ortho_5x12","layers":[["KC_ESC","KC_1","KC_2","KC_3","KC_4","KC_5","KC_6","KC_7","KC_8","KC_9","KC_0","KC_BSPC","KC_TAB","KC_Q","KC_W","KC_E","KC_R","KC_T","KC_Y","KC_U","KC_I","KC_O","KC_P","KC_MINS","MO(1)","KC_A","KC_S","KC_D","KC_F","KC_G","KC_H","KC_J","KC_K","KC_L","KC_COMM","LT(2,KC_ENT)","KC_LSPO","KC_Z","KC_X","KC_C","KC_V","KC_B","KC_N","KC_M","KC_BSLS","KC_LBRC","KC_RBRC","KC_RSPC","KC_LCTL","KC_QUOT","KC_LALT","KC_LGUI","KC_SPC","KC_SCLN","KC_DOT","KC_SPC","KC_RALT","KC_RGUI","KC_SLSH","MO(3)"],["KC_TRNS","KC_TRNS","KC_TRNS","KC_TRNS","KC_TRNS","KC_TRNS","KC_TRNS","KC_TRNS","KC_TRNS","KC_TRNS","KC_TRNS","KC_DEL","KC_TRNS","KC_DEL","KC_UP","KC_GRV","KC_TILD","KC_TRNS","KC_TRNS","KC_TRNS","KC_PGUP","KC_TRNS","KC_TRNS","KC_TRNS","KC_TRNS","KC_LEFT","KC_DOWN","KC_RGHT","KC_BSPC","KC_TRNS","KC_TRNS","KC_HOME","KC_PGDN","KC_END","KC_TRNS","KC_TRNS","KC_TRNS","KC_MRWD","KC_MFFD","KC_MPLY","KC_EQL","KC_TRNS","KC_TRNS","KC_PLUS","KC_VOLD","KC_VOLU","KC_MUTE","KC_TRNS","KC_TRNS","KC_TRNS","KC_TRNS","KC_TRNS","KC_ENT","KC_TRNS","KC_TRNS","KC_ENT","KC_TRNS","KC_TRNS","KC_TRNS","KC_TRNS"],["KC_TRNS","KC_TRNS","KC_TRNS","KC_TRNS","KC_TRNS","KC_TRNS","KC_TRNS","KC_TRNS","KC_TRNS","KC_TRNS","KC_TRNS","KC_TRNS","KC_TRNS","KC_P7","KC_P8","KC_P9","KC_EQL","KC_TRNS","KC_TRNS","KC_F9","KC_F10","KC_F11","KC_F12","KC_TRNS","KC_TRNS","KC_P4","KC_P5","KC_P6","KC_PLUS","KC_TRNS","KC_TRNS","KC_F5","KC_F6","KC_F7","KC_F8","KC_TRNS","KC_TRNS","KC_P1","KC_P2","KC_P3","KC_0","KC_TRNS","KC_TRNS","KC_F1","KC_F2","KC_F3","KC_F4","KC_TRNS","KC_TRNS","KC_TRNS","KC_TRNS","KC_TRNS","KC_ENT","KC_TRNS","KC_TRNS","KC_ENT","KC_TRNS","KC_TRNS","KC_TRNS","KC_TRNS"],["KC_TRNS","KC_TRNS","KC_TRNS","KC_TRNS","KC_TRNS","KC_TRNS","KC_TRNS","KC_TRNS","KC_TRNS","KC_TRNS","KC_TRNS","KC_TRNS","KC_TRNS","KC_TRNS","KC_TRNS","KC_TRNS","KC_TRNS","KC_TRNS","KC_TRNS","KC_TRNS","KC_TRNS","KC_TRNS","KC_TRNS","KC_TRNS","KC_TRNS","KC_TRNS","KC_TRNS","KC_TRNS","KC_TRNS","KC_TRNS","KC_TRNS","KC_TRNS","KC_TRNS","KC_UP","KC_TRNS","KC_TRNS","KC_TRNS","KC_TRNS","KC_TRNS","KC_TRNS","KC_TRNS","KC_TRNS","KC_TRNS","KC_TRNS","KC_LEFT","KC_DOWN","KC_RGHT","KC_TRNS","KC_TRNS","KC_TRNS","KC_TRNS","KC_TRNS","KC_TRNS","KC_TRNS","MO(4)","KC_TRNS","KC_TRNS","KC_TRNS","KC_TRNS","KC_TRNS"],["RGB_TOG","KC_TRNS","KC_TRNS","KC_TRNS","KC_TRNS","LAG_NRM","LAG_SWP","KC_TRNS","KC_TRNS","KC_TRNS","KC_TRNS","RESET","RGB_M_P","RGB_VAD","RGB_VAI","RGB_RMOD","RGB_MOD","KC_TRNS","KC_TRNS","ANY(MI_OFF)","ANY(MI_ON)","ANY(AU_OFF)","ANY(AU_ON)","KC_TRNS","KC_TRNS","RGB_HUD","RGB_HUI","RGB_SPD","RGB_SPI","KC_TRNS","KC_TRNS","ANY(MUV_DE)","ANY(MUV_IN)","ANY(MU_OFF)","ANY(MU_ON)","KC_TRNS","KC_TRNS","RGB_SAD","RGB_SAI","KC_TRNS","KC_TRNS","KC_TRNS","KC_TRNS","KC_TRNS","KC_TRNS","KC_TRNS","ANY(MU_MOD)","KC_TRNS","KC_TRNS","KC_TRNS","KC_TRNS","KC_TRNS","KC_TRNS","KC_TRNS","KC_TRNS","KC_TRNS","KC_TRNS","KC_TRNS","KC_TRNS","KC_TRNS"]],"author":""}